<?xml version="1.0" encoding="UTF-8"?>
<project-private xmlns="http://www.netbeans.org/ns/project-private/1">
    <editor-bookmarks xmlns="http://www.netbeans.org/ns/editor-bookmarks/2" lastBookmarkId="0"/>
    <open-files xmlns="http://www.netbeans.org/ns/projectui-open-files/2">
        <group>
            <file>file:/C:/Users/w10/Documents/NetBeansProjects/Projeto05/src/projeto05/Velho.java</file>
            <file>file:/C:/Users/w10/Documents/NetBeansProjects/Projeto05/src/projeto05/Novo.java</file>
            <file>file:/C:/Users/w10/Documents/NetBeansProjects/Projeto05/src/projeto05/Projeto05.java</file>
        </group>
    </open-files>
</project-private>
